civ_key;nome;servizio;gestione;istituzione_scolastica;quartiere;indirizzo;numero_civico;zona_di_prossimita;geo_point
000500005000;SANZIO;SCUOLA PRIMARIA;STATALE;ISTITUTO COMPRENSIVO N. 09;Savena;VIA GIUSEPPE CESARE ABBA;5;LUNGO SAVENA;"{""type"":""Point"",""coordinates"":[11.378702859,44.465110372]}"
000500011000;ABBA;SCUOLA DELL'INFANZIA;INDIRETTA;CADIAI;Savena;VIA GIUSEPPE CESARE ABBA;11;LUNGO SAVENA;"{""type"":""Point"",""coordinates"":[11.377563768,44.464100737]}"
011500003000;GIANCARLO CERINI;SCUOLA DELL'INFANZIA;COMUNALE;COMUNE DI BOLOGNA;Savena;VIA ALBERTO MARIO;3;LUNGO SAVENA;"{""type"":""Point"",""coordinates"":[11.377273906,44.46464748]}"
013500050000;ZUCCHERO FILATO;NIDO D'INFANZIA;COMUNALE;COMUNE DI BOLOGNA;Santo Stefano;VIALE ANTONIO ALDINI;50;OSSERVANZA - PADERNO;"{""type"":""Point"",""coordinates"":[11.337383229,44.486779205]}"
021000041000;GARIBALDI;SCUOLA DELL'INFANZIA;STATALE;ISTITUTO COMPRENSIVO N. 11;San Donato - San Vitale;VIA ISABELLA ANDREINI;41;SAN DONATO VECCHIO;"{""type"":""Point"",""coordinates"":[11.373072696,44.500208122]}"
023000004000;MARSILI;SCUOLA PRIMARIA;STATALE;ISTITUTO COMPRENSIVO N. 04;Navile;VIA S.ANNA;4;CORTICELLA - DOZZA;"{""type"":""Point"",""coordinates"":[11.355531644,44.548679347]}"
023000004020;MARSILI;NIDO D'INFANZIA;COMUNALE;COMUNE DI BOLOGNA;Navile;VIA S.ANNA;4;CORTICELLA - DOZZA;"{""type"":""Point"",""coordinates"":[11.356230297,44.548329395]}"
025500011000;FEDERZONI;SCUOLA PRIMARIA;STATALE;ISTITUTO COMPRENSIVO N. 05;Navile;VIA ANTONIO DI VINCENZO;11;BOLOGNINA;"{""type"":""Point"",""coordinates"":[11.344659529,44.507827579]}"
025500011020;FEDERZONI;SCUOLA DELL'INFANZIA;STATALE;ISTITUTO COMPRENSIVO N. 05;Navile;VIA ANTONIO DI VINCENZO;11;BOLOGNINA;"{""type"":""Point"",""coordinates"":[11.344504113,44.507851486]}"
025500055000;TESTONI - FIORAVANTI;SCUOLA SECONDARIA DI PRIMO GRADO;STATALE;ISTITUTO COMPRENSIVO N. 05;Navile;VIA ANTONIO DI VINCENZO;55;BOLOGNINA;"{""type"":""Point"",""coordinates"":[11.345513648,44.512836848]}"
028500017000;MARIGHETTO;SCUOLA DELL'INFANZIA;COMUNALE;COMUNE DI BOLOGNA;San Donato - San Vitale;VIA DELL'ARCOBALENO;17;CIRENAICA - MASSARENTI - SCANDELLARA;"{""type"":""Point"",""coordinates"":[11.375093017,44.487503514]}"
033000033000;PIAGET;SCUOLA PRIMARIA;STATALE;ISTITUTO COMPRENSIVO N. 22;Savena;VIA ARNO;33;PONTEVECCHIO - MAZZINI;"{""type"":""Point"",""coordinates"":[11.387057622,44.472886962]}"
034000005000;GUALANDI;SCUOLA PRIMARIA;STATALE;ISTITUTO COMPRENSIVO N. 10;San Donato - San Vitale;VIA DELL'ARTIGIANO;5;SAN DONATO VECCHIO;"{""type"":""Point"",""coordinates"":[11.366333269,44.502987077]}"
035000033000;FABRIZIO DE ANDRE';SCUOLA SECONDARIA DI PRIMO GRADO;STATALE;ISTITUTO COMPRENSIVO N. 18;Porto - Saragozza;VIA ASIAGO;33;SAFFI;"{""type"":""Point"",""coordinates"":[11.316653806,44.500269917]}"
036000043000;MALPIGHI MARCELLO;SCUOLA SECONDARIA DI PRIMO GRADO;PRIVATA PARITARIA;SCUOLA MEDIA PARITARIA MALPIGHI;Porto - Saragozza;VIA RODOLFO AUDINOT;43;SARAGOZZA - SAN LUCA;"{""type"":""Point"",""coordinates"":[11.327033363,44.491805989]}"
037500055000;COLLEGIO SAN LUIGI;SCUOLA SECONDARIA DI SECONDO GRADO;PRIVATA PARITARIA;"";Porto - Saragozza;VIA D'AZEGLIO;55;MALPIGHI;"{""type"":""Point"",""coordinates"":[11.339576849,44.488188565]}"
037500082000;LAVINIA FONTANA;SCUOLA SECONDARIA DI PRIMO GRADO;STATALE;ISTITUTO COMPRENSIVO N. 19;Santo Stefano;VIA D'AZEGLIO;82;GALVANI;"{""type"":""Point"",""coordinates"":[11.339766156,44.487557762]}"
039000063000;VIGANÒ;NIDO D'INFANZIA;COMUNALE;COMUNE DI BOLOGNA;Porto - Saragozza;VIA AZZO GARDINO;63;MARCONI;"{""type"":""Point"",""coordinates"":[11.335717054,44.501808402]}"
040000054000;MATTIUZZI CASALI (SUCC. DON BOSCO);SCUOLA PRIMARIA;STATALE;ISTITUTO COMPRENSIVO N. 16;San Donato - San Vitale;VIA AZZURRA;54;CIRENAICA - MASSARENTI - SCANDELLARA;"{""type"":""Point"",""coordinates"":[11.373466046,44.487149468]}"
040500004000;MALPIGHI SUCCURSALE;SCUOLA SECONDARIA DI PRIMO GRADO;PRIVATA PARITARIA;SCUOLA MEDIA PARITARIA MALPIGHI;Santo Stefano;PIAZZALE GIUSEPPE BACCHELLI;4;OSSERVANZA - PADERNO;"{""type"":""Point"",""coordinates"":[11.343574242,44.478271139]}"
047800002000;SAN GIUSEPPE;SCUOLA DELL'INFANZIA;PRIVATA CONVENZIONATA;SAN GIUSEPPE;Borgo Panigale - Reno;VIA CLELIA BARBIERI;2;CASTELDEBOLE - PONTELUNGO;"{""type"":""Point"",""coordinates"":[11.277553949,44.501249648]}"
048000005000;ACRI;SCUOLA PRIMARIA;STATALE;ISTITUTO COMPRENSIVO N. 05;Navile;VIA FRANCESCO BARBIERI;5;BOLOGNINA;"{""type"":""Point"",""coordinates"":[11.346715823,44.516621194]}"
04800000500A;LA GIOSTRA;SCUOLA DELL'INFANZIA;STATALE;ISTITUTO COMPRENSIVO N. 05;Navile;VIA FRANCESCO BARBIERI;5;BOLOGNINA;"{""type"":""Point"",""coordinates"":[11.346798374,44.516881202]}"
051500002000;VISCARDI;SCUOLA PRIMARIA;STATALE;ISTITUTO COMPRENSIVO N. 12;Savena;VIA LORENZO BARTOLINI;2;PONTEVECCHIO - MAZZINI;"{""type"":""Point"",""coordinates"":[11.381969111,44.48209042]}"
051500004000;VISCARDI;SCUOLA DELL'INFANZIA;STATALE;ISTITUTO COMPRENSIVO N. 12;Savena;VIA LORENZO BARTOLINI;4;PONTEVECCHIO - MAZZINI;"{""type"":""Point"",""coordinates"":[11.382750085,44.481848876]}"
053500009000;ALDINI VALERIANI SIRANI;SCUOLA SECONDARIA DI SECONDO GRADO;STATALE;"";Navile;VIA SARIO BASSANELLI;9;BOLOGNINA;"{""type"":""Point"",""coordinates"":[11.345936207,44.521701955]}"
055000020000;MARCONI;SCUOLA PRIMARIA;STATALE;ISTITUTO COMPRENSIVO N. 21;Santo Stefano;VIA LAURA BASSI VERATTI;20;MURRI;"{""type"":""Point"",""coordinates"":[11.368103968,44.482907087]}"
055000022000;MARCONI;SCUOLA DELL'INFANZIA;STATALE;ISTITUTO COMPRENSIVO N. 21;Santo Stefano;VIA LAURA BASSI VERATTI;22;MURRI;"{""type"":""Point"",""coordinates"":[11.367941705,44.482679176]}"
056500010000;FARLOTTINE - SAN DOMENICO;SCUOLA PRIMARIA;PRIVATA PARITARIA;FARLOTTINE - SAN DOMENICO;Savena;VIA DELLA BATTAGLIA;10;LUNGO SAVENA;"{""type"":""Point"",""coordinates"":[11.380237385,44.467097249]}"
056800009000;DE STEFANI;SCUOLA DELL'INFANZIA;COMUNALE;COMUNE DI BOLOGNA;Porto - Saragozza;VIA FELICE BATTAGLIA;9;SARAGOZZA - SAN LUCA;"{""type"":""Point"",""coordinates"":[11.315651075,44.485914378]}"
056800012000;GAIA;NIDO D'INFANZIA;COMUNALE IN CONCESSIONE;COMUNE DI BOLOGNA;Porto - Saragozza;VIA FELICE BATTAGLIA;12;SARAGOZZA - SAN LUCA;"{""type"":""Point"",""coordinates"":[11.316478791,44.485939617]}"
056800020000;AVOGLI;SCUOLA PRIMARIA;STATALE;ISTITUTO COMPRENSIVO N. 08;Porto - Saragozza;VIA FELICE BATTAGLIA;20;SARAGOZZA - SAN LUCA;"{""type"":""Point"",""coordinates"":[11.315960885,44.484720101]}"
059500025000;MORANDI;SCUOLA PRIMARIA;STATALE;ISTITUTO COMPRENSIVO N. 01;Borgo Panigale - Reno;VIA DEL BECCACCINO;25;BARCA;"{""type"":""Point"",""coordinates"":[11.291180862,44.493140201]}"
059500027000;MORANDI;SCUOLA DELL'INFANZIA;COMUNALE;COMUNE DI BOLOGNA;Borgo Panigale - Reno;VIA DEL BECCACCINO;27;BARCA;"{""type"":""Point"",""coordinates"":[11.291754566,44.49311266]}"
062000019000;LA FABBRICA DELLE NUVOLE;NIDO D'INFANZIA;PRIVATA CONVENZIONATA;LA FABBRICA DELLE NUVOLE;Savena;VIA BELLARIA;19;PONTEVECCHIO - MAZZINI;"{""type"":""Point"",""coordinates"":[11.384329401,44.47799724]}"
062800007000;CHIOSTRI;SCUOLA PRIMARIA;STATALE;ISTITUTO COMPRENSIVO N. 10;San Donato - San Vitale;VIA ATHOS BELLETTINI;7;SAN DONATO VECCHIO;"{""type"":""Point"",""coordinates"":[11.360066464,44.509220681]}"
064500028000;CREMONINI ONGARO;SCUOLA PRIMARIA;STATALE;ISTITUTO COMPRENSIVO N. 19;Santo Stefano;VIA BELLOMBRA;28;OSSERVANZA - PADERNO;"{""type"":""Point"",""coordinates"":[11.338648597,44.480709871]}"
064500030000;GABELLI - BACCHI;SCUOLA DELL'INFANZIA;COMUNALE;COMUNE DI BOLOGNA;Santo Stefano;VIA BELLOMBRA;30;OSSERVANZA - PADERNO;"{""type"":""Point"",""coordinates"":[11.338062911,44.480672813]}"
069000001000;ALPI;NIDO D'INFANZIA;COMUNALE;COMUNE DI BOLOGNA;San Donato - San Vitale;VIA FERRUCCIO BENINI;1;SAN DONATO VECCHIO;"{""type"":""Point"",""coordinates"":[11.374705246,44.504154631]}"
069000003000;BENINI;SCUOLA DELL'INFANZIA;STATALE;ISTITUTO COMPRENSIVO N. 11;San Donato - San Vitale;VIA FERRUCCIO BENINI;3;SAN DONATO VECCHIO;"{""type"":""Point"",""coordinates"":[11.374541111,44.503591982]}"
070000127020;BEN TI VOGLIO SCHOOL;NIDO D'INFANZIA;PRIVATA CONVENZIONATA;BEN TI VOGLIO SCHOOL;San Donato - San Vitale;VIA GIUSEPPE BENTIVOGLI;127;CIRENAICA - MASSARENTI - SCANDELLARA;"{""type"":""Point"",""coordinates"":[11.364260596,44.499261835]}"
071500008000;SAN TOMMASO D'AQUINO;SCUOLA SECONDARIA DI PRIMO GRADO;PRIVATA PARITARIA;FARLOTTINE - SAN DOMENICO;Santo Stefano;VIA BERENGARIO DA CARPI;8;MURRI;"{""type"":""Point"",""coordinates"":[11.367788601,44.472456987]}"
075000034000;GARIBALDI;SCUOLA PRIMARIA;STATALE;ISTITUTO COMPRENSIVO N. 11;San Donato - San Vitale;VIA FILIPPO BEROALDO;34;SAN DONATO VECCHIO;"{""type"":""Point"",""coordinates"":[11.372290316,44.500440896]}"
075500013000;ALBERTAZZI;SCUOLA PRIMARIA;STATALE;ISTITUTO COMPRENSIVO N. 02;Borgo Panigale - Reno;VIA BERRETTA ROSSA;13;SANTA VIOLA;"{""type"":""Point"",""coordinates"":[11.306105662,44.504574948]}"
075500015000;ALBERTAZZI;SCUOLA DELL'INFANZIA;STATALE;ISTITUTO COMPRENSIVO N. 02;Borgo Panigale - Reno;VIA BERRETTA ROSSA;15;SANTA VIOLA;"{""type"":""Point"",""coordinates"":[11.306439498,44.504437036]}"
07600000500C;EDUCARE E CRESCERE;NIDO D'INFANZIA;PRIVATA CONVENZIONATA;EDUCARE E CRESCERE;Santo Stefano;VIA DEI BERSAGLIERI;5;GALVANI;"{""type"":""Point"",""coordinates"":[11.352837503,44.490523195]}"
076500049000;BENEDETTO XV;SCUOLA DELL'INFANZIA;PRIVATA CONVENZIONATA;BENEDETTO XV;Navile;VIA DI BERTALIA;49;BERTALIA - NOCE;"{""type"":""Point"",""coordinates"":[11.317156793,44.520305516]}"
081000058120;ELEFANTINO BLU;NIDO D'INFANZIA;COMUNALE IN CONCESSIONE;COMUNE DI BOLOGNA;Navile;VIA DELLA BEVERARA;58;BEVERARA;"{""type"":""Point"",""coordinates"":[11.3295911,44.516200246]}"
081000158000;BOTTEGO;SCUOLA PRIMARIA;STATALE;ISTITUTO COMPRENSIVO N. 03;Navile;VIA DELLA BEVERARA;158;BEVERARA;"{""type"":""Point"",""coordinates"":[11.330453008,44.520502691]}"
081000188000;SALVO D'ACQUISTO;SCUOLA SECONDARIA DI PRIMO GRADO;STATALE;ISTITUTO COMPRENSIVO N. 03;Navile;VIA DELLA BEVERARA;188;BEVERARA;"{""type"":""Point"",""coordinates"":[11.330665763,44.522403602]}"
081300008000;WALT DISNEY;SCUOLA DELL'INFANZIA;COMUNALE;COMUNE DI BOLOGNA;Savena;VIA BEZZECCA;8;LUNGO SAVENA;"{""type"":""Point"",""coordinates"":[11.383713528,44.467662127]}"
081300010000;CAVAZZONI;NIDO D'INFANZIA;COMUNALE;COMUNE DI BOLOGNA;Savena;VIA BEZZECCA;10;LUNGO SAVENA;"{""type"":""Point"",""coordinates"":[11.383643275,44.469181038]}"
083000038000;VOLTA;SCUOLA SECONDARIA DI PRIMO GRADO;STATALE;ISTITUTO COMPRENSIVO N. 14;Borgo Panigale - Reno;VIA DOMENICO BIANCOLELLI;38;BORGO PANIGALE;"{""type"":""Point"",""coordinates"":[11.267780425,44.522619337]}"
085000001020;BIGARI;NIDO D'INFANZIA;COMUNALE;COMUNE DI BOLOGNA;Navile;VIA VITTORIO BIGARI;1;BOLOGNINA;"{""type"":""Point"",""coordinates"":[11.35091045,44.50764438]}"
088500008000;ZAMBONI;SCUOLA PRIMARIA;STATALE;ISTITUTO COMPRENSIVO N. 16;Santo Stefano;VICOLO BOLOGNETTI;8;IRNERIO;"{""type"":""Point"",""coordinates"":[11.35417425,44.493140515]}"
088500010000;GUIDO RENI;SCUOLA SECONDARIA DI PRIMO GRADO;STATALE;ISTITUTO COMPRENSIVO N. 16;Santo Stefano;VICOLO BOLOGNETTI;10;IRNERIO;"{""type"":""Point"",""coordinates"":[11.354171926,44.492914058]}"
089000056000;ASILO SACRO CUORE;SCUOLA DELL'INFANZIA;PRIVATA CONVENZIONATA;SACRO CUORE;Borgo Panigale - Reno;VIA RAFFAELE BOMBELLI;56;BORGO PANIGALE;"{""type"":""Point"",""coordinates"":[11.275866575,44.519633007]}"
089300003000;TROTTOLA;NIDO D'INFANZIA;COMUNALE;COMUNE DI BOLOGNA;Savena;VIA LUIGI BOMBICCI;3;FOSSOLO - DUE MADONNE;"{""type"":""Point"",""coordinates"":[11.389151336,44.480734265]}"
092000005000;IL GIARDINO SEGRETO;NIDO D'INFANZIA;PRIVATA CONVENZIONATA;IL GIARDINO SEGRETO;Santo Stefano;VICOLO BORCHETTA;5;IRNERIO;"{""type"":""Point"",""coordinates"":[11.355590051,44.49211031]}"
096500007030;I PASSEROTTI;SCUOLA DELL'INFANZIA;PRIVATA CONVENZIONATA;SCUOLA DELL'INFANZIA I PASSEROTTI SCUOLA ALL'APERTO;Navile;VIA DELLE BORRE;7;BERTALIA - NOCE;"{""type"":""Point"",""coordinates"":[11.316809121,44.521900857]}"
100300028000;VILLA MAY;SCUOLA DELL'INFANZIA;COMUNALE;COMUNE DI BOLOGNA;Borgo Panigale - Reno;VIA ELIO BRAGAGLIA;28;BORGO PANIGALE;"{""type"":""Point"",""coordinates"":[11.276662288,44.514986772]}"
100900010000;CIARI;SCUOLA DELL'INFANZIA;COMUNALE;COMUNE DI BOLOGNA;Savena;LARGO BRESCIA;10;PONTEVECCHIO - MAZZINI;"{""type"":""Point"",""coordinates"":[11.379999322,44.476268815]}"
103500048000;LAURA BASSI (SEDE DISTACCATA);SCUOLA SECONDARIA DI SECONDO GRADO;STATALE;"";Santo Stefano;VIA BROCCAINDOSSO;48;IRNERIO;"{""type"":""Point"",""coordinates"":[11.355362842,44.493388477]}"
106000016000;LIPPARINI;SCUOLA PRIMARIA;STATALE;ISTITUTO COMPRENSIVO N. 14;Borgo Panigale - Reno;VIA MAURIZIO BUFALINI;16;BORGO PANIGALE;"{""type"":""Point"",""coordinates"":[11.274746825,44.520650549]}"
106700002020;FERRARI;SCUOLA DELL'INFANZIA;STATALE;ISTITUTO COMPRENSIVO N. 13;Savena;VIA BUON PASTORE;2;VIA TOSCANA - S. RUFFILLO - MONTE DONATO;"{""type"":""Point"",""coordinates"":[11.369042902,44.45939627]}"
106700004000;LEONARDO DA VINCI;SCUOLA SECONDARIA DI PRIMO GRADO;STATALE;ISTITUTO COMPRENSIVO N. 13;Savena;VIA BUON PASTORE;4;VIA TOSCANA - S. RUFFILLO - MONTE DONATO;"{""type"":""Point"",""coordinates"":[11.368575226,44.45946288]}"
108500019000;GREEN CORNER;NIDO D'INFANZIA;PRIVATA CONVENZIONATA;GREEN CORNER;Porto - Saragozza;VIA LUIGI BUSI;19;SARAGOZZA - SAN LUCA;"{""type"":""Point"",""coordinates"":[11.322552755,44.496856088]}"
109500013020;ZUCCHELLI;SCUOLA DELL'INFANZIA;COMUNALE;COMUNE DI BOLOGNA;Navile;VIA DELLA CA' BIANCA;13;BERTALIA - NOCE;"{""type"":""Point"",""coordinates"":[11.322013736,44.523978019]}"
109500013030;ZUCCHELLI;NIDO D'INFANZIA;COMUNALE;COMUNE DI BOLOGNA;Navile;VIA DELLA CA' BIANCA;13;BERTALIA - NOCE;"{""type"":""Point"",""coordinates"":[11.322161052,44.524132108]}"
111300019000;GIDA ROSSI;SCUOLA DELL'INFANZIA;COMUNALE;COMUNE DI BOLOGNA;Borgo Panigale - Reno;VIA CADUTI DI CASTELDEBOLE;19;CASTELDEBOLE - PONTELUNGO;"{""type"":""Point"",""coordinates"":[11.277254626,44.500408503]}"
111300021000;AMICO GATTONE;NIDO D'INFANZIA;COMUNALE;COMUNE DI BOLOGNA;Borgo Panigale - Reno;VIA CADUTI DI CASTELDEBOLE;21;CASTELDEBOLE - PONTELUNGO;"{""type"":""Point"",""coordinates"":[11.277157354,44.500236343]}"
118000008000;GUIDI;SCUOLA DELL'INFANZIA;STATALE;ISTITUTO COMPRENSIVO N. 17;Porto - Saragozza;VIA LUIGI CALORI;8;MARCONI;"{""type"":""Point"",""coordinates"":[11.330976451,44.500392797]}"
119000003030;ALDO MORO;SCUOLA DELL'INFANZIA;COMUNALE;COMUNE DI BOLOGNA;Borgo Panigale - Reno;VIA PIER FORTUNATO CALVI;3;BIRRA - BARGELLINO - LAVINO;"{""type"":""Point"",""coordinates"":[11.292763782,44.520034003]}"
122400053000;ADA NEGRI;SCUOLA DELL'INFANZIA;COMUNALE;COMUNE DI BOLOGNA;San Donato - San Vitale;VIA DINO CAMPANA;53;SAN DONATO NUOVO;"{""type"":""Point"",""coordinates"":[11.397934165,44.512581116]}"
122400055000;ADA NEGRI;NIDO D'INFANZIA;COMUNALE;COMUNE DI BOLOGNA;San Donato - San Vitale;VIA DINO CAMPANA;55;SAN DONATO NUOVO;"{""type"":""Point"",""coordinates"":[11.397915057,44.512808111]}"
137000005000;BAIESI;NIDO D'INFANZIA;COMUNALE;COMUNE DI BOLOGNA;Borgo Panigale - Reno;VIA DEL CARROCCIO;5;BORGO PANIGALE;"{""type"":""Point"",""coordinates"":[11.264867425,44.522494462]}"
138000009000;ARCANGELI - CENTRO DIDATTICA DELLE ARTI (2006);SCUOLA SECONDARIA DI SECONDO GRADO;STATALE;"";Santo Stefano;VIA CARTOLERIA;9;GALVANI;"{""type"":""Point"",""coordinates"":[11.348740695,44.48934584]}"
139000039000;CASAGLIA;SCUOLA DELL'INFANZIA;COMUNALE;COMUNE DI BOLOGNA;Porto - Saragozza;VIA DI CASAGLIA;39;SARAGOZZA - SAN LUCA;"{""type"":""Point"",""coordinates"":[11.307943236,44.477850867]}"
141000011000;GUINIZELLI;SCUOLA SECONDARIA DI PRIMO GRADO;STATALE;ISTITUTO COMPRENSIVO N. 08;Porto - Saragozza;VIA CA' SELVATICA;11;MALPIGHI;"{""type"":""Point"",""coordinates"":[11.333229985,44.492796346]}"
141000011030;ANNA SERRA PLESSO 1;SCUOLA DELL'INFANZIA;COMUNALE;COMUNE DI BOLOGNA;Porto - Saragozza;VIA CA' SELVATICA;11;MALPIGHI;"{""type"":""Point"",""coordinates"":[11.333432921,44.492820367]}"
142200003000;BELLUZZI FIORAVANTI;SCUOLA SECONDARIA DI SECONDO GRADO;STATALE;"";Borgo Panigale - Reno;VIA GIOVANNI DOMENICO CASSINI;3;BARCA;"{""type"":""Point"",""coordinates"":[11.285208297,44.489788336]}"
147000038000;GALVANI (SEDE CENTRALE);SCUOLA SECONDARIA DI SECONDO GRADO;STATALE;"";Santo Stefano;VIA CASTIGLIONE;38;GALVANI;"{""type"":""Point"",""coordinates"":[11.347457777,44.489248291]}"
148500004020;ROMAGNOLI;NIDO D'INFANZIA;COMUNALE;COMUNE DI BOLOGNA;Santo Stefano;VIA ALFREDO CATALANI;4;MURRI;"{""type"":""Point"",""coordinates"":[11.370179319,44.475697629]}"
151900003000;ATELIER DEI PICCOLI;SCUOLA DELL'INFANZIA;PRIVATA CONVENZIONATA;ATELIER DEI PICCOLI;San Donato - San Vitale;VIA BONAVENTURA CAVALIERI;3;CIRENAICA - MASSARENTI - SCANDELLARA;"{""type"":""Point"",""coordinates"":[11.369478689,44.494627451]}"
15190000500A;ATELIER DEI PICCOLI;NIDO D'INFANZIA;PRIVATA CONVENZIONATA;ATELIER DEI PICCOLI;San Donato - San Vitale;VIA BONAVENTURA CAVALIERI;5;CIRENAICA - MASSARENTI - SCANDELLARA;"{""type"":""Point"",""coordinates"":[11.370661537,44.494650678]}"
153500002000;SPAZIO;NIDO D'INFANZIA;COMUNALE;COMUNE DI BOLOGNA;Savena;VIA FRANCESCO CAVAZZONI;2;LUNGO SAVENA;"{""type"":""Point"",""coordinates"":[11.381769487,44.470115378]}"
166500006000;SANTA MARIA DI LEUCA;SCUOLA DELL'INFANZIA;PRIVATA NON PARITARIA;SANTA MARIA DI LEUCA;Navile;VIA CARLO CIGNANI;6;BOLOGNINA;"{""type"":""Point"",""coordinates"":[11.348262936,44.515009538]}"
166500031000;PATINI;NIDO D'INFANZIA;COMUNALE;COMUNE DI BOLOGNA;Navile;VIA CARLO CIGNANI;31;BOLOGNINA;"{""type"":""Point"",""coordinates"":[11.350162277,44.513971077]}"
168500007000;KINDER HAUS;SCUOLA DELL'INFANZIA;PRIVATA CONVENZIONATA;KINDER HAUS;Santo Stefano;VIA CINO DA PISTOIA;7;OSSERVANZA - PADERNO;"{""type"":""Point"",""coordinates"":[11.332699241,44.48605334]}"
173000038060;MARSILI;SCUOLA DELL'INFANZIA;COMUNALE;COMUNE DI BOLOGNA;Navile;VIA COLOMBAROLA;38;CORTICELLA - DOZZA;"{""type"":""Point"",""coordinates"":[11.358639165,44.544933908]}"
179500147020;GIUSI DEL MUGNAIO;SCUOLA DELL'INFANZIA;COMUNALE;COMUNE DI BOLOGNA;Navile;VIA DI CORTICELLA;147;CORTICELLA - DOZZA;"{""type"":""Point"",""coordinates"":[11.351280248,44.525548182]}"
180000155000;MARIA AUSILIATRICE E SAN GIOVANNI IN BOSCO;SCUOLA PRIMARIA;PRIVATA PARITARIA;MARIA AUSILIATRICE;Porto - Saragozza;VIA ANDREA COSTA;155;SARAGOZZA - SAN LUCA;"{""type"":""Point"",""coordinates"":[11.313580423,44.49459571]}"
180000162000;ARCO GUIDI - PLESSO COSTA;SCUOLA DELL'INFANZIA;COMUNALE;COMUNE DI BOLOGNA;Porto - Saragozza;VIA ANDREA COSTA;162;SARAGOZZA - SAN LUCA;"{""type"":""Point"",""coordinates"":[11.31164872,44.493678102]}"
184000027050;DAVID SASSOLI - (EX NUOVA INFANZIA NAVILE);SCUOLA DELL'INFANZIA;STATALE;ISTITUTO COMPRENSIVO N. 05;Navile;VIA CRISTOFORO DA BOLOGNA;27;BOLOGNINA;"{""type"":""Point"",""coordinates"":[11.338619087,44.519939647]}"
184000029000;GROSSO;SCUOLA PRIMARIA;STATALE;ISTITUTO COMPRENSIVO N. 05;Navile;VIA CRISTOFORO DA BOLOGNA;29;BOLOGNINA;"{""type"":""Point"",""coordinates"":[11.338472549,44.519277918]}"
188500023020;SAN SEVERINO;SCUOLA DELL'INFANZIA;PRIVATA CONVENZIONATA;SAN SEVERINO;Santo Stefano;VIA GIUSEPPE DAGNINI;23;MURRI;"{""type"":""Point"",""coordinates"":[11.370041748,44.479278939]}"
189000004000;ROSA LUXEMBURG;SCUOLA SECONDARIA DI SECONDO GRADO;STATALE;"";Navile;VIA DALLA VOLTA;4;BERTALIA - NOCE;"{""type"":""Point"",""coordinates"":[11.311186661,44.514510469]}"
192000003000;CARDUCCI;SCUOLA PRIMARIA;STATALE;ISTITUTO COMPRENSIVO N. 20;Santo Stefano;VIA DANTE;3;GALVANI;"{""type"":""Point"",""coordinates"":[11.354627606,44.486914832]}"
193300023000;GIUSEPPE DOZZA;SCUOLA SECONDARIA DI PRIMO GRADO;STATALE;ISTITUTO COMPRENSIVO N. 01;Borgo Panigale - Reno;VIA ADOLFO DE CAROLIS;23;BARCA;"{""type"":""Point"",""coordinates"":[11.299009419,44.499170657]}"
194000014020;PROGETTO UNO SEI;SCUOLA DELL'INFANZIA;INDIRETTA;CADIAI;Porto - Saragozza;VIA PIER DE' CRESCENZI;14;SAFFI;"{""type"":""Point"",""coordinates"":[11.328830738,44.502819276]}"
194000014030;COCCHERI;NIDO D'INFANZIA;COMUNALE;COMUNE DI BOLOGNA;Porto - Saragozza;VIA PIER DE' CRESCENZI;14;SAFFI;"{""type"":""Point"",""coordinates"":[11.328697066,44.502836227]}"
204300002000;DELEDDA;SCUOLA DELL'INFANZIA;STATALE;ISTITUTO COMPRENSIVO N. 22;Savena;VIA DOMODOSSOLA;2;PONTEVECCHIO - MAZZINI;"{""type"":""Point"",""coordinates"":[11.387270619,44.473392757]}"
208000006000;DOZZA;SCUOLA PRIMARIA;STATALE;ISTITUTO COMPRENSIVO N. 15;Navile;VIA DELLA DOZZA;6;CORTICELLA - DOZZA;"{""type"":""Point"",""coordinates"":[11.365717421,44.529405708]}"
208000008000;DOZZA STATALE;SCUOLA DELL'INFANZIA;STATALE;ISTITUTO COMPRENSIVO N. 15;Navile;VIA DELLA DOZZA;8;CORTICELLA - DOZZA;"{""type"":""Point"",""coordinates"":[11.36526672,44.529451328]}"
209000002000;DEGLI ESPOSTI;SCUOLA DELL'INFANZIA;COMUNALE;COMUNE DI BOLOGNA;Santo Stefano;VIALE DANTE DRUSIANI;2;MURRI;"{""type"":""Point"",""coordinates"":[11.351894381,44.482142427]}"
214000121000;ALBICOCCOLE;NIDO D'INFANZIA;PRIVATA CONVENZIONATA;ALBICOCCOLE;Borgo Panigale - Reno;VIA EMILIA PONENTE;121;SANTA VIOLA;"{""type"":""Point"",""coordinates"":[11.307240048,44.506749942]}"
214000135000;CRISTO RE;SCUOLA DELL'INFANZIA;PRIVATA CONVENZIONATA;CRISTO RE;Borgo Panigale - Reno;VIA EMILIA PONENTE;135;SANTA VIOLA;"{""type"":""Point"",""coordinates"":[11.304404184,44.507383055]}"
214000311000;FIORINI;SCUOLA PRIMARIA;STATALE;ISTITUTO COMPRENSIVO N. 14;Borgo Panigale - Reno;VIA EMILIA PONENTE;311;CASTELDEBOLE - PONTELUNGO;"{""type"":""Point"",""coordinates"":[11.290246229,44.511376154]}"
214300056000;CORPUS DOMINI;SCUOLA DELL'INFANZIA;PRIVATA CONVENZIONATA;CORPUS DOMINI;Savena;VIA FEDERIGO ENRIQUES;56;FOSSOLO - DUE MADONNE;"{""type"":""Point"",""coordinates"":[11.39103641,44.481042891]}"
214500022000;GROSSO;SCUOLA DELL'INFANZIA;COMUNALE;COMUNE DI BOLOGNA;Navile;VIA ERBOSA;22;BOLOGNINA;"{""type"":""Point"",""coordinates"":[11.339977177,44.520665743]}"
223200025000;FOLLEREAU;SCUOLA DELL'INFANZIA;COMUNALE;COMUNE DI BOLOGNA;Savena;VIALE FELSINA;25;FOSSOLO - DUE MADONNE;"{""type"":""Point"",""coordinates"":[11.378419048,44.48575248]}"
223200040000;MANFREDI TANARI;SCUOLA SECONDARIA DI SECONDO GRADO;STATALE;"";Savena;VIALE FELSINA;40;FOSSOLO - DUE MADONNE;"{""type"":""Point"",""coordinates"":[11.385827561,44.489868599]}"
229000006000;DE GIOVANNI;NIDO D'INFANZIA;COMUNALE;COMUNE DI BOLOGNA;San Donato - San Vitale;VIALE QUIRICO FILOPANTI;6;CIRENAICA - MASSARENTI - SCANDELLARA;"{""type"":""Point"",""coordinates"":[11.357376957,44.496610869]}"
229500002000;IRNERIO;SCUOLA SECONDARIA DI PRIMO GRADO;STATALE;ISTITUTO COMPRENSIVO N. 06;Santo Stefano;VIA ANGELO FINELLI;2;IRNERIO;"{""type"":""Point"",""coordinates"":[11.349065077,44.502343359]}"
232700003000;BOLZANI;SCUOLA DELL'INFANZIA;COMUNALE;COMUNE DI BOLOGNA;Navile;VIA FRANCESCO FLORA;3;BOLOGNINA;"{""type"":""Point"",""coordinates"":[11.338646748,44.516334539]}"
232700007000;FLORA (EX ACRI);SCUOLA DELL'INFANZIA;COMUNALE;COMUNE DI BOLOGNA;Navile;VIA FRANCESCO FLORA;7;BOLOGNINA;"{""type"":""Point"",""coordinates"":[11.337231113,44.516349605]}"
24710000500A;HYGEIA;NIDO D'INFANZIA;PRIVATA CONVENZIONATA;HYGEIA;Navile;VIA PAOLO FRISI;5;CORTICELLA - DOZZA;"{""type"":""Point"",""coordinates"":[11.345939568,44.530879132]}"
249000057000;2 AGOSTO;SCUOLA PRIMARIA;STATALE;ISTITUTO COMPRENSIVO N. 14;Borgo Panigale - Reno;VIA GALEAZZA;57;CASTELDEBOLE - PONTELUNGO;"{""type"":""Point"",""coordinates"":[11.277045039,44.506455072]}"
249000059000;VOLTA SUCCURSALE;SCUOLA SECONDARIA DI PRIMO GRADO;STATALE;ISTITUTO COMPRENSIVO N. 14;Borgo Panigale - Reno;VIA GALEAZZA;59;CASTELDEBOLE - PONTELUNGO;"{""type"":""Point"",""coordinates"":[11.277314515,44.506929696]}"
249000061000;ACQUERELLO;NIDO D'INFANZIA;COMUNALE;COMUNE DI BOLOGNA;Borgo Panigale - Reno;VIA GALEAZZA;61;CASTELDEBOLE - PONTELUNGO;"{""type"":""Point"",""coordinates"":[11.277861996,44.507420108]}"
252000074000;DE AMICIS;SCUOLA PRIMARIA;STATALE;ISTITUTO COMPRENSIVO N. 18;Porto - Saragozza;VIA GALLIERA;74;MARCONI;"{""type"":""Point"",""coordinates"":[11.344143256,44.50339373]}"
252500001000;ERCOLANI;SCUOLA PRIMARIA;STATALE;ISTITUTO COMPRENSIVO N. 06;Santo Stefano;MURA DI PORTA GALLIERA;1;IRNERIO;"{""type"":""Point"",""coordinates"":[11.349801243,44.502919929]}"
254200002000;ALLENDE;NIDO D'INFANZIA;COMUNALE;COMUNE DI BOLOGNA;Borgo Panigale - Reno;VIA PIETRO GAMBERINI;2;BARCA;"{""type"":""Point"",""coordinates"":[11.292897675,44.501930912]}"
255500004000;ROCCA;SCUOLA DELL'INFANZIA;COMUNALE;COMUNE DI BOLOGNA;San Donato - San Vitale;VIA ANTONIO GANDUSIO;4;SAN DONATO VECCHIO;"{""type"":""Point"",""coordinates"":[11.356436928,44.503669598]}"
256500011000;COPERNICO;SCUOLA SECONDARIA DI SECONDO GRADO;STATALE;"";San Donato - San Vitale;VIA FERRUCCIO GARAVAGLIA;11;SAN DONATO VECCHIO;"{""type"":""Point"",""coordinates"":[11.36629474,44.505850801]}"
26550000100F;KIMBA;NIDO D'INFANZIA;PRIVATA CONVENZIONATA;KIMBA;Santo Stefano;VIA CHERUBINO GHIRARDACCI;1;MURRI;"{""type"":""Point"",""coordinates"":[11.360769737,44.481967831]}"
268000035000;PEDRIELLI;SCUOLA DELL'INFANZIA;COMUNALE;COMUNE DI BOLOGNA;Borgo Panigale - Reno;VIA DEL GIACINTO;35;SANTA VIOLA;"{""type"":""Point"",""coordinates"":[11.304655921,44.510866019]}"
268000037000;DE VIGRI;SCUOLA PRIMARIA;STATALE;ISTITUTO COMPRENSIVO N. 02;Borgo Panigale - Reno;VIA DEL GIACINTO;37;SANTA VIOLA;"{""type"":""Point"",""coordinates"":[11.304011555,44.511734531]}"
268000039000;ZANOTTI;SCUOLA SECONDARIA DI PRIMO GRADO;STATALE;ISTITUTO COMPRENSIVO N. 02;Borgo Panigale - Reno;VIA DEL GIACINTO;39;SANTA VIOLA;"{""type"":""Point"",""coordinates"":[11.303594942,44.511742938]}"
268000042000;FAVA;NIDO D'INFANZIA;COMUNALE;COMUNE DI BOLOGNA;Borgo Panigale - Reno;VIA DEL GIACINTO;42;SANTA VIOLA;"{""type"":""Point"",""coordinates"":[11.302720708,44.510824256]}"
271300002000;GIOANNETTI;SCUOLA DELL'INFANZIA;STATALE;ISTITUTO COMPRENSIVO N. 10;San Donato - San Vitale;VIA GIUSEPPE GIOANNETTI;2;SAN DONATO VECCHIO;"{""type"":""Point"",""coordinates"":[11.364951304,44.505190881]}"
274300001000;MANZINI;SCUOLA DELL'INFANZIA;COMUNALE;COMUNE DI BOLOGNA;Navile;PIAZZA GIOVANNI DA VERRAZZANO;1;BEVERARA;"{""type"":""Point"",""coordinates"":[11.326211656,44.519450558]}"
282500002000;SAVIO;SCUOLA DELL'INFANZIA;COMUNALE;COMUNE DI BOLOGNA;Savena;VIA ENRICO GOLINELLI;2;FOSSOLO - DUE MADONNE;"{""type"":""Point"",""coordinates"":[11.396042156,44.47795996]}"
282500025020;CARLI;NIDO D'INFANZIA;COMUNALE;COMUNE DI BOLOGNA;Savena;VIA ENRICO GOLINELLI;25;FOSSOLO - DUE MADONNE;"{""type"":""Point"",""coordinates"":[11.396795622,44.479182504]}"
284500011020;GOZZADINI;NIDO D'INFANZIA;COMUNALE;COMUNE DI BOLOGNA;Santo Stefano;VIALE GIOVANNI GOZZADINI;11;GALVANI;"{""type"":""Point"",""coordinates"":[11.351142058,44.485415181]}"
288500008000;GANDINO;SCUOLA SECONDARIA DI PRIMO GRADO;STATALE;ISTITUTO COMPRENSIVO N. 17;Porto - Saragozza;VIA GRAZIANO;8;MARCONI;"{""type"":""Point"",""coordinates"":[11.331558225,44.49994204]}"
292500001000;CESANA;SCUOLA PRIMARIA;STATALE;ISTITUTO COMPRENSIVO N. 01;Borgo Panigale - Reno;VIA ALESSANDRO GUARDASSONI;1;BARCA;"{""type"":""Point"",""coordinates"":[11.298934135,44.492941635]}"
295000014000;DON MILANI;SCUOLA DELL'INFANZIA;COMUNALE;COMUNE DI BOLOGNA;Borgo Panigale - Reno;VIA LINO GUCCI;14;BARCA;"{""type"":""Point"",""coordinates"":[11.292088101,44.498117039]}"
299000002000;MOLINO TAMBURI;SCUOLA DELL'INFANZIA;COMUNALE;COMUNE DI BOLOGNA;Santo Stefano;PIAZZALE MARIO JACCHIA;2;MURRI;"{""type"":""Point"",""coordinates"":[11.356020036,44.481712048]}"
300000001000;BEATA VERGINE DI SAN LUCA;SCUOLA SECONDARIA DI PRIMO GRADO;PRIVATA PARITARIA;ISTITUTO SALESIANO BEATA VERGINE DI SAN LUCA;Navile;VIA JACOPO DELLA QUERCIA;1;BOLOGNINA;"{""type"":""Point"",""coordinates"":[11.347482967,44.50792607]}"
300000005000;MARIA AUSILIATRICE;SCUOLA SECONDARIA DI PRIMO GRADO;PRIVATA PARITARIA;MARIA AUSILIATRICE;Navile;VIA JACOPO DELLA QUERCIA;5;BOLOGNINA;"{""type"":""Point"",""coordinates"":[11.349850238,44.507614093]}"
304000002020;BETTI - PLESSO 2;SCUOLA DELL'INFANZIA;COMUNALE;COMUNE DI BOLOGNA;Santo Stefano;VIA IRNERIO;2;IRNERIO;"{""type"":""Point"",""coordinates"":[11.346064963,44.503085858]}"
30400000202A;GIACCAGLIA BETTI;NIDO D'INFANZIA;COMUNALE;COMUNE DI BOLOGNA;Santo Stefano;VIA IRNERIO;2;IRNERIO;"{""type"":""Point"",""coordinates"":[11.346214031,44.503023197]}"
304500016000;MANZOLINI;SCUOLA PRIMARIA;STATALE;ISTITUTO COMPRENSIVO N. 08;Porto - Saragozza;VIA S.ISAIA;16;MALPIGHI;"{""type"":""Point"",""coordinates"":[11.334177429,44.493546752]}"
304500020000;MANZOLINI;SCUOLA DELL'INFANZIA;STATALE;ISTITUTO COMPRENSIVO N. 08;Porto - Saragozza;VIA S.ISAIA;20;MALPIGHI;"{""type"":""Point"",""coordinates"":[11.333733416,44.49362759]}"
304500035000;LAURA BASSI (SEDE CENTRALE);SCUOLA SECONDARIA DI SECONDO GRADO;STATALE;"";Porto - Saragozza;VIA S.ISAIA;35;MALPIGHI;"{""type"":""Point"",""coordinates"":[11.332116332,44.494118518]}"
304500077000;MALPIGHI;SCUOLA SECONDARIA DI SECONDO GRADO;PRIVATA PARITARIA;"";Porto - Saragozza;VIA S.ISAIA;77;MALPIGHI;"{""type"":""Point"",""coordinates"":[11.329301475,44.494622275]}"
312000001000;MAZZINI;SCUOLA DELL'INFANZIA;COMUNALE;COMUNE DI BOLOGNA;Borgo Panigale - Reno;VIA LEGNANO;1;BORGO PANIGALE;"{""type"":""Point"",""coordinates"":[11.265674793,44.522397499]}"
315500003000;GIOVANNI XXIII;SCUOLA PRIMARIA;STATALE;ISTITUTO COMPRENSIVO N. 01;Borgo Panigale - Reno;VIA LEONARDO DA VINCI;3;BARCA;"{""type"":""Point"",""coordinates"":[11.285531659,44.497394527]}"
317800010000;DON MILANI;SCUOLA PRIMARIA;STATALE;ISTITUTO COMPRENSIVO N. 21;Santo Stefano;LARGO CARD. GIACOMO LERCARO;10;MURRI;"{""type"":""Point"",""coordinates"":[11.372814272,44.47977945]}"
317800014000;PEPOLI;SCUOLA SECONDARIA DI PRIMO GRADO;STATALE;ISTITUTO COMPRENSIVO N. 21;Santo Stefano;LARGO CARD. GIACOMO LERCARO;14;MURRI;"{""type"":""Point"",""coordinates"":[11.373809263,44.479345274]}"
319100020000;POLLICINO;SCUOLA DELL'INFANZIA;INDIRETTA;CADIAI;Navile;PIAZZA LIBER PARADISUS;20;BOLOGNINA;"{""type"":""Point"",""coordinates"":[11.340179229,44.510281617]}"
320500053000;PIUINSIEME;NIDO D'INFANZIA;COMUNALE;COMUNE DI BOLOGNA;San Donato - San Vitale;VIA LIBIA;53;CIRENAICA - MASSARENTI - SCANDELLARA;"{""type"":""Point"",""coordinates"":[11.366015857,44.495611986]}"
320500057000;GIORDANI;SCUOLA DELL'INFANZIA;STATALE;ISTITUTO COMPRENSIVO N. 06;San Donato - San Vitale;VIA LIBIA;57;CIRENAICA - MASSARENTI - SCANDELLARA;"{""type"":""Point"",""coordinates"":[11.365951604,44.496059837]}"
322000007000;FRESU;NIDO D'INFANZIA;COMUNALE;COMUNE DI BOLOGNA;Navile;VIA AMEDEO LIPPARINI;7;CORTICELLA - DOZZA;"{""type"":""Point"",""coordinates"":[11.358228883,44.539571706]}"
324000040000;CASARALTA;SCUOLA PRIMARIA;STATALE;ISTITUTO COMPRENSIVO N. 15;Navile;VIA ALFONSO LOMBARDI;40;BOLOGNINA;"{""type"":""Point"",""coordinates"":[11.351701165,44.516553636]}"
324000042000;IL FLAUTO MAGICO;SCUOLA DELL'INFANZIA;STATALE;ISTITUTO COMPRENSIVO N. 15;Navile;VIA ALFONSO LOMBARDI;42;BOLOGNINA;"{""type"":""Point"",""coordinates"":[11.352219946,44.516219755]}"
324500032030;RITA LEVI MONTALCINI;SCUOLA SECONDARIA DI PRIMO GRADO;STATALE;ISTITUTO COMPRENSIVO N. 22;Savena;VIA LOMBARDIA;32;PONTEVECCHIO - MAZZINI;"{""type"":""Point"",""coordinates"":[11.381446319,44.475226843]}"
324900008000;FANTINI;SCUOLA DELL'INFANZIA;COMUNALE;COMUNE DI BOLOGNA;Borgo Panigale - Reno;VIA A. E P. LORENZETTI;8;BARCA;"{""type"":""Point"",""coordinates"":[11.292879276,44.491421193]}"
325100004000;IL GUERCINO;SCUOLA SECONDARIA DI PRIMO GRADO;STATALE;ISTITUTO COMPRENSIVO N. 09;Savena;VIA LUIGI LONGO;4;PONTEVECCHIO - MAZZINI;"{""type"":""Point"",""coordinates"":[11.385633969,44.467705247]}"
349000022000;ARCANGELI (SEDE CENTRALE);SCUOLA SECONDARIA DI SECONDO GRADO;STATALE;"";Santo Stefano;VIA GIOVANNI MARCHETTI;22;MURRI;"{""type"":""Point"",""coordinates"":[11.36279707,44.476552242]}"
351000175000;GALLON;SCUOLA DELL'INFANZIA;COMUNALE;COMUNE DI BOLOGNA;Borgo Panigale - Reno;VIA MARCO EMILIO LEPIDO;175;BORGO PANIGALE;"{""type"":""Point"",""coordinates"":[11.26853695,44.519998471]}"
351000181000;LEPIDO;NIDO D'INFANZIA;COMUNALE;COMUNE DI BOLOGNA;Borgo Panigale - Reno;VIA MARCO EMILIO LEPIDO;181;BORGO PANIGALE;"{""type"":""Point"",""coordinates"":[11.267799684,44.520373681]}"
352000040000;ALDROVANDI RUBBIANI (SEDE CENTRALE);SCUOLA SECONDARIA DI SECONDO GRADO;STATALE;"";Porto - Saragozza;VIA GUGLIELMO MARCONI;40;MARCONI;"{""type"":""Point"",""coordinates"":[11.339325405,44.501301094]}"
352500020020;MALPIGHI (SEDE DISTACCATA DEL I.I.S. MARCELLO MALPIGHI DI CREVALCORE);SCUOLA SECONDARIA DI SECONDO GRADO;STATALE;"";Navile;VIA MARCO POLO;20;BEVERARA;"{""type"":""Point"",""coordinates"":[11.327960816,44.517882134]}"
352500060000;L'ISOLA DEI TESORI;NIDO D'INFANZIA;PRIVATA CONVENZIONATA;L'ISOLA DEI TESORI;Navile;VIA MARCO POLO;60;BEVERARA;"{""type"":""Point"",""coordinates"":[11.32876237,44.52382307]}"
35260000800B;IL CASTELLO INCANTATO;NIDO D'INFANZIA;PRIVATA CONVENZIONATA;IL CASTELLO INCANTATO;Borgo Panigale - Reno;VIA GIULIO MARCOVIGI;8;BARCA;"{""type"":""Point"",""coordinates"":[11.297156948,44.496877531]}"
358500025010;TEMPESTA;NIDO D'INFANZIA;COMUNALE IN APPALTO;COMUNE DI BOLOGNA;San Donato - San Vitale;VIA TOMMASO MARTELLI;25;CROCE DEL BIACCO - ROVERI;"{""type"":""Point"",""coordinates"":[11.397438486,44.491362148]}"
358500037000;TEMPESTA;SCUOLA PRIMARIA;STATALE;ISTITUTO COMPRENSIVO N. 07;San Donato - San Vitale;VIA TOMMASO MARTELLI;37;CROCE DEL BIACCO - ROVERI;"{""type"":""Point"",""coordinates"":[11.398734041,44.49071405]}"
360500002000;MARTINI;NIDO D'INFANZIA;COMUNALE;COMUNE DI BOLOGNA;Porto - Saragozza;VIA PAOLO G. MARTINI;2;SARAGOZZA - SAN LUCA;"{""type"":""Point"",""coordinates"":[11.316171012,44.494475712]}"
362500001080;CAVINA - BRUCO ROSA;NIDO D'INFANZIA;COMUNALE;COMUNE DI BOLOGNA;Porto - Saragozza;VIA MARZABOTTO;1;SAFFI;"{""type"":""Point"",""coordinates"":[11.312028552,44.502951578]}"
362800010000;LANZARINI;SCUOLA DELL'INFANZIA;COMUNALE;COMUNE DI BOLOGNA;Navile;VIA MARZIALE;10;CORTICELLA - DOZZA;"{""type"":""Point"",""coordinates"":[11.350587193,44.53165848]}"
362800012000;CROCE COPERTA;SCUOLA PRIMARIA;STATALE;ISTITUTO COMPRENSIVO N. 15;Navile;VIA MARZIALE;12;CORTICELLA - DOZZA;"{""type"":""Point"",""coordinates"":[11.349279285,44.531842157]}"
368000400020;PHOEBIS;NIDO D'INFANZIA;PRIVATA CONVENZIONATA;PHOEBIS;San Donato - San Vitale;VIA GIUSEPPE MASSARENTI;400;CIRENAICA - MASSARENTI - SCANDELLARA;"{""type"":""Point"",""coordinates"":[11.380717103,44.49419496]}"
371000007000;SABIN;SCUOLA SECONDARIA DI SECONDO GRADO;STATALE;"";Navile;VIA GIACOMO MATTEOTTI;7;BOLOGNINA;"{""type"":""Point"",""coordinates"":[11.346418516,44.506988228]}"
372000001000;TOVAGLIE;NIDO D'INFANZIA;COMUNALE;COMUNE DI BOLOGNA;Santo Stefano;VIA DE' MATTUIANI;1;GALVANI;"{""type"":""Point"",""coordinates"":[11.342427661,44.489072791]}"
372000001010;PADIGLIONE;SCUOLA DELL'INFANZIA;COMUNALE;COMUNE DI BOLOGNA;Santo Stefano;VIA DE' MATTUIANI;1;GALVANI;"{""type"":""Point"",""coordinates"":[11.342155906,44.48891912]}"
373000172020;FERMI;SCUOLA SECONDARIA DI SECONDO GRADO;STATALE;"";San Donato - San Vitale;VIA MAZZINI;172;CIRENAICA - MASSARENTI - SCANDELLARA;"{""type"":""Point"",""coordinates"":[11.372660873,44.484820104]}"
373500010000;MAZZONI;NIDO D'INFANZIA;COMUNALE;COMUNE DI BOLOGNA;Savena;VIA CORRADO MAZZONI;10;PONTEVECCHIO - MAZZINI;"{""type"":""Point"",""coordinates"":[11.381745529,44.472300488]}"
384800013000;MAZZONI;SCUOLA DELL'INFANZIA;COMUNALE;COMUNE DI BOLOGNA;Savena;VIA MILANO;13;PONTEVECCHIO - MAZZINI;"{""type"":""Point"",""coordinates"":[11.379641259,44.472603585]}"
385000003010;DE AMICIS;SCUOLA DELL'INFANZIA;STATALE;ISTITUTO COMPRENSIVO N. 18;Porto - Saragozza;VIA MILAZZO;3;MARCONI;"{""type"":""Point"",""coordinates"":[11.343307178,44.503197724]}"
388000017000;GALVANI (SEDE DISTACCATA);SCUOLA SECONDARIA DI SECONDO GRADO;STATALE;"";Porto - Saragozza;VIA DON GIOVANNI MINZONI;17;MARCONI;"{""type"":""Point"",""coordinates"":[11.336005098,44.503145386]}"
389400005000;IL GIARDINO DELLE QUERCE;SCUOLA DELL'INFANZIA;PRIVATA NON PARITARIA;ASSOCIAZIONE STEINERIANA;Savena;VIA MISA;5;FOSSOLO - DUE MADONNE;"{""type"":""Point"",""coordinates"":[11.38487796,44.485324157]}"
397000005000;IL GIARDINO INCANTATO;NIDO D'INFANZIA;PRIVATA CONVENZIONATA;IL GIARDINO INCANTATO;Porto - Saragozza;VIA MONTELLO;5;SAFFI;"{""type"":""Point"",""coordinates"":[11.322005115,44.500475382]}"
397000042000;SANTA TERESA DEL BAMBIN GESU';SCUOLA SECONDARIA DI PRIMO GRADO;PRIVATA PARITARIA;MAESTRE PIE DELL'ADDOLORATA;Porto - Saragozza;VIA MONTELLO;42;SAFFI;"{""type"":""Point"",""coordinates"":[11.321435284,44.497447151]}"
398000001000;DOZZA GIUSEPPE;SCUOLA DELL'INFANZIA;COMUNALE;COMUNE DI BOLOGNA;Porto - Saragozza;VIA BRUNO MONTERUMICI;1;SAFFI;"{""type"":""Point"",""coordinates"":[11.311966111,44.503166375]}"
398000001020;DALL'OLIO;SCUOLA DELL'INFANZIA;COMUNALE;COMUNE DI BOLOGNA;Porto - Saragozza;VIA BRUNO MONTERUMICI;1;SAFFI;"{""type"":""Point"",""coordinates"":[11.311397364,44.503375319]}"
401000004040;GARAGNANI;SCUOLA DELL'INFANZIA;PRIVATA CONVENZIONATA;ASSOCIAZIONE STEINERIANA MARIA GARAGNANI;Borgo Panigale - Reno;VIA MORAZZO;4;BORGO PANIGALE;"{""type"":""Point"",""coordinates"":[11.257036131,44.501638277]}"
402800031000;BESTA;SCUOLA SECONDARIA DI PRIMO GRADO;STATALE;ISTITUTO COMPRENSIVO N. 10;San Donato - San Vitale;VIALE ALDO MORO;31;SAN DONATO VECCHIO;"{""type"":""Point"",""coordinates"":[11.362663711,44.508383712]}"
404000001000;ALDROVANDI RUBBIANI (SEDE DISTACCATA);SCUOLA SECONDARIA DI SECONDO GRADO;STATALE;"";Porto - Saragozza;VIA PASQUALE MURATORI;1;SARAGOZZA - SAN LUCA;"{""type"":""Point"",""coordinates"":[11.327016113,44.496355879]}"
404500074000;ISTITUTO SAN GIUSEPPE;SCUOLA PRIMARIA;PRIVATA PARITARIA;SAN GIUSEPPE;Santo Stefano;VIA AUGUSTO MURRI;74;MURRI;"{""type"":""Point"",""coordinates"":[11.362977606,44.480757123]}"
404500158000;TAMBRONI;SCUOLA PRIMARIA;STATALE;ISTITUTO COMPRENSIVO N. 13;Savena;VIA AUGUSTO MURRI;158;MURRI;"{""type"":""Point"",""coordinates"":[11.368726346,44.47409846]}"
404500159000;TESTI RASPONI;SCUOLA DELL'INFANZIA;COMUNALE;COMUNE DI BOLOGNA;Santo Stefano;VIA AUGUSTO MURRI;159;MURRI;"{""type"":""Point"",""coordinates"":[11.36682891,44.475502072]}"
407000022000;GIORDANI;SCUOLA PRIMARIA;STATALE;ISTITUTO COMPRENSIVO N. 06;San Donato - San Vitale;VIA MARIO MUSOLESI;22;CIRENAICA - MASSARENTI - SCANDELLARA;"{""type"":""Point"",""coordinates"":[11.366315629,44.495603702]}"
408000001000;SAN DOMENICO SAVIO;SCUOLA PRIMARIA;STATALE;ISTITUTO COMPRENSIVO N. 09;Savena;VIA ETTORE NADALINI;1;FOSSOLO - DUE MADONNE;"{""type"":""Point"",""coordinates"":[11.395672527,44.478022544]}"
408300023000;ROSSI;SCUOLA DELL'INFANZIA;COMUNALE;COMUNE DI BOLOGNA;Santo Stefano;VIA GASPARE NADI;23;MURRI;"{""type"":""Point"",""coordinates"":[11.373108145,44.479981202]}"
409100014000;SCUOLA DELLE IDEE;SCUOLA SECONDARIA DI PRIMO GRADO;PRIVATA PARITARIA;"";Borgo Panigale - Reno;VIA PAOLO NANNI COSTA;14;SANTA VIOLA;"{""type"":""Point"",""coordinates"":[11.307133239,44.508631495]}"
413000034000;LE ALI DI ALICE;NIDO D'INFANZIA;PRIVATA CONVENZIONATA;LE ALI DI ALICE;Navile;VIA NICOLO' DALL'ARCA;34;BOLOGNINA;"{""type"":""Point"",""coordinates"":[11.34313515,44.512143397]}"
415000047000;LICEO STEAM INTERNATIONAL QUADRIENNALE;SCUOLA SECONDARIA DI SECONDO GRADO;PRIVATA PARITARIA;"";Porto - Saragozza;VIA NOSADELLA;47;MALPIGHI;"{""type"":""Point"",""coordinates"":[11.334703254,44.491334362]}"
415000049020;IL CAVALLINO A DONDOLO;NIDO D'INFANZIA;PRIVATA CONVENZIONATA;IL CAVALLINO A DONDOLO;Porto - Saragozza;VIA NOSADELLA;49;MALPIGHI;"{""type"":""Point"",""coordinates"":[11.334621084,44.491081828]}"
41500005100B;AL CINEMA!;SCUOLA DELL'INFANZIA;INDIRETTA;FONDAZIONE GUALANDI;Porto - Saragozza;VIA NOSADELLA;51;MALPIGHI;"{""type"":""Point"",""coordinates"":[11.334462006,44.490760907]}"
421500007000;XXI APRILE;SCUOLA DELL'INFANZIA;COMUNALE;COMUNE DI BOLOGNA;Porto - Saragozza;VIA GINO ONOFRI;7;SARAGOZZA - SAN LUCA;"{""type"":""Point"",""coordinates"":[11.31445181,44.491333396]}"
423000029000;SAN PIETRO MARTIRE;SCUOLA DELL'INFANZIA;PRIVATA CONVENZIONATA;SAN PIETRO MARTIRE;Santo Stefano;VIA ORFEO;29;GALVANI;"{""type"":""Point"",""coordinates"":[11.351932182,44.485896811]}"
42300003205A;LA TORTA IN CIELO;NIDO D'INFANZIA;PRIVATA;LA TORTA IN CIELO;Santo Stefano;VIA ORFEO;32;GALVANI;"{""type"":""Point"",""coordinates"":[11.350940947,44.486756362]}"
423500040000;LA NUVOLA;NIDO D'INFANZIA;PRIVATA CONVENZIONATA;LA NUVOLA;Santo Stefano;VIALE ALFREDO ORIANI;40;MURRI;"{""type"":""Point"",""coordinates"":[11.360502731,44.484683701]}"
42700007700A;PACIUGO;SCUOLA DELL'INFANZIA;INDIRETTA;SOCIETÀ DOLCE;Savena;VIA DEGLI ORTOLANI;77;PONTEVECCHIO - MAZZINI;"{""type"":""Point"",""coordinates"":[11.385139253,44.472645936]}"
428500088000;KINDER HAUS / KINDER COLLEGE;SCUOLA PRIMARIA;PRIVATA PARITARIA;KINDER HAUS;Santo Stefano;VIA DELL'OSSERVANZA;88;OSSERVANZA - PADERNO;"{""type"":""Point"",""coordinates"":[11.325856969,44.480958436]}"
430500003030;ARCO GUIDI - PLESSO PACE;SCUOLA DELL'INFANZIA;COMUNALE;COMUNE DI BOLOGNA;Porto - Saragozza;PIAZZA DELLA PACE;3;SARAGOZZA - SAN LUCA;"{""type"":""Point"",""coordinates"":[11.311335146,44.493107944]}"
431700005000;MINELLI GIOVANNINI;SCUOLA DELL'INFANZIA;PRIVATA CONVENZIONATA;MINELLI GIOVANINI;San Donato - San Vitale;VIA MAURIZIO PADOA;5;CIRENAICA - MASSARENTI - SCANDELLARA;"{""type"":""Point"",""coordinates"":[11.372663036,44.48527]}"
435500006000;SANT'ALBERTO MAGNO;SCUOLA SECONDARIA DI PRIMO GRADO;PRIVATA PARITARIA;SANT'ALBERTO MAGNO;Porto - Saragozza;VIA PALESTRO;6;MALPIGHI;"{""type"":""Point"",""coordinates"":[11.337596016,44.489774349]}"
438800017030;LEONARDO DA VINCI (SEDE DISTACCATA);SCUOLA SECONDARIA DI SECONDO GRADO;STATALE;"";Borgo Panigale - Reno;VIA PIO PANFILI;17;BARCA;"{""type"":""Point"",""coordinates"":[11.287166954,44.489100455]}"
439700001000;SAFFI;SCUOLA SECONDARIA DI PRIMO GRADO;STATALE;ISTITUTO COMPRENSIVO N. 11;San Donato - San Vitale;VIA ALFREDO PANZINI;1;SAN DONATO NUOVO;"{""type"":""Point"",""coordinates"":[11.391972817,44.510255388]}"
439700003000;ROMAGNOLI;SCUOLA PRIMARIA;STATALE;ISTITUTO COMPRENSIVO N. 11;San Donato - San Vitale;VIA ALFREDO PANZINI;3;SAN DONATO NUOVO;"{""type"":""Point"",""coordinates"":[11.393195206,44.509030815]}"
439700005000;PANZINI;SCUOLA DELL'INFANZIA;STATALE;ISTITUTO COMPRENSIVO N. 11;San Donato - San Vitale;VIA ALFREDO PANZINI;5;SAN DONATO NUOVO;"{""type"":""Point"",""coordinates"":[11.393581091,44.508592951]}"
443500003000;BARACCANO;SCUOLA DELL'INFANZIA;COMUNALE;COMUNE DI BOLOGNA;Santo Stefano;VIA GIOVANNI PASCOLI;3;GALVANI;"{""type"":""Point"",""coordinates"":[11.350442884,44.486154009]}"
443500005000;ROLANDINO DE PASSEGGERI;SCUOLA SECONDARIA DI PRIMO GRADO;STATALE;ISTITUTO COMPRENSIVO N. 20;Santo Stefano;VIA GIOVANNI PASCOLI;5;GALVANI;"{""type"":""Point"",""coordinates"":[11.350278184,44.485560636]}"
446500104000;PORTOBELLO;SCUOLA DELL'INFANZIA;COMUNALE;COMUNE DI BOLOGNA;Porto - Saragozza;VIA PASUBIO;104;SAFFI;"{""type"":""Point"",""coordinates"":[11.310201631,44.500452079]}"
446700015000;PAVESE (SUCCURSALE FERRARI);SCUOLA PRIMARIA;STATALE;ISTITUTO COMPRENSIVO N. 13;Savena;VIA CESARE PAVESE;15;LUNGO SAVENA;"{""type"":""Point"",""coordinates"":[11.360474763,44.451206129]}"
446800025000;SERPIERI;SCUOLA SECONDARIA DI SECONDO GRADO;STATALE;"";Navile;VIA VITTORIO PEGLION;25;CORTICELLA - DOZZA;"{""type"":""Point"",""coordinates"":[11.36583247,44.548275143]}"
447500009000;LUNETTA GAMBERINI;NIDO D'INFANZIA;COMUNALE;COMUNE DI BOLOGNA;Santo Stefano;VIA PELLIZZA DA VOLPEDO;9;MURRI;"{""type"":""Point"",""coordinates"":[11.372805833,44.480668704]}"
447500011000;IL MONELLO;NIDO D'INFANZIA;COMUNALE;COMUNE DI BOLOGNA;Santo Stefano;VIA PELLIZZA DA VOLPEDO;11;MURRI;"{""type"":""Point"",""coordinates"":[11.373065825,44.480651947]}"
449500003000;RIGHI (SEDE CENTRALE);SCUOLA SECONDARIA DI SECONDO GRADO;STATALE;"";Porto - Saragozza;VIALE CARLO PEPOLI;3;MALPIGHI;"{""type"":""Point"",""coordinates"":[11.3295436,44.491778611]}"
451500026000;GOBETTI;SCUOLA DELL'INFANZIA;COMUNALE;COMUNE DI BOLOGNA;Porto - Saragozza;VIA GIACOMO ANTONIO PERTI;26;SARAGOZZA - SAN LUCA;"{""type"":""Point"",""coordinates"":[11.322629844,44.491242432]}"
453500006000;SAN DONATO;NIDO D'INFANZIA;COMUNALE;COMUNE DI BOLOGNA;San Donato - San Vitale;VIA ETTORE PETROLINI;6;SAN DONATO VECCHIO;"{""type"":""Point"",""coordinates"":[11.368419588,44.504891434]}"
454800001000;GIROTONDO;SCUOLA DELL'INFANZIA;STATALE;ISTITUTO COMPRENSIVO N. 04;Navile;VIA RAFFAELE PETTAZZONI;1;CORTICELLA - DOZZA;"{""type"":""Point"",""coordinates"":[11.356428439,44.542399804]}"
457000002000;FIGLIE DI SANT'ANNA;SCUOLA PRIMARIA;PRIVATA PARITARIA;FIGLIE DI SANT'ANNA;Porto - Saragozza;VIA PIAVE;2;SAFFI;"{""type"":""Point"",""coordinates"":[11.316426498,44.502269096]}"
457000004000;LA PENTOLA MAGICA;NIDO D'INFANZIA;PRIVATA CONVENZIONATA;LA PENTOLA MAGICA;Porto - Saragozza;VIA PIAVE;4;SAFFI;"{""type"":""Point"",""coordinates"":[11.316495866,44.501715209]}"
457000012030;MARAMEO;NIDO D'INFANZIA;COMUNALE IN CONCESSIONE;COMUNE DI BOLOGNA;Porto - Saragozza;VIA PIAVE;12;SAFFI;"{""type"":""Point"",""coordinates"":[11.315383789,44.500550555]}"
459000021020;CASA DEL BOSCO;SCUOLA DELL'INFANZIA;COMUNALE;COMUNE DI BOLOGNA;Borgo Panigale - Reno;VIA DELLA PIETRA;21;CASTELDEBOLE - PONTELUNGO;"{""type"":""Point"",""coordinates"":[11.2852445,44.510696949]}"
469500002000;FORTUZZI;SCUOLA PRIMARIA;STATALE;ISTITUTO COMPRENSIVO N. 20;Santo Stefano;VIALE STENIO POLISCHI;2;MURRI;"{""type"":""Point"",""coordinates"":[11.349938431,44.482835406]}"
472300006000;SAN GIUSEPPE;SCUOLA DELL'INFANZIA;PRIVATA PARITARIA;SAN GIUSEPPE;Savena;VIA PONTEVECCHIO;6;PONTEVECCHIO - MAZZINI;"{""type"":""Point"",""coordinates"":[11.378552254,44.480762474]}"
472700007020;PADRE O. MARELLA;SCUOLA DELL'INFANZIA;STATALE;ISTITUTO COMPRENSIVO N. 12;Savena;VIA POPULONIA;7;FOSSOLO - DUE MADONNE;"{""type"":""Point"",""coordinates"":[11.385246187,44.487609279]}"
472700009000;PADRE O. MARELLA;SCUOLA PRIMARIA;STATALE;ISTITUTO COMPRENSIVO N. 12;Savena;VIA POPULONIA;9;FOSSOLO - DUE MADONNE;"{""type"":""Point"",""coordinates"":[11.385446912,44.487927179]}"
472700011000;FARINI;SCUOLA SECONDARIA DI PRIMO GRADO;STATALE;ISTITUTO COMPRENSIVO N. 12;Savena;VIA POPULONIA;11;FOSSOLO - DUE MADONNE;"{""type"":""Point"",""coordinates"":[11.385669897,44.488312863]}"
473500009000;NUOVO CROCE COPERTA;NIDO D'INFANZIA;COMUNALE;COMUNE DI BOLOGNA;Navile;VIA CARLO PORTA;9;CORTICELLA - DOZZA;"{""type"":""Point"",""coordinates"":[11.350714428,44.531345641]}"
475000006000;PEZZOLI;SCUOLA DELL'INFANZIA;COMUNALE;COMUNE DI BOLOGNA;Savena;VIA PORTAZZA;6;PONTEVECCHIO - MAZZINI;"{""type"":""Point"",""coordinates"":[11.38765733,44.470387944]}"
476000022000;MAGGIORE;SCUOLA DELL'INFANZIA;PRIVATA NON PARITARIA;MAGGIORE;Santo Stefano;VICOLO POSTERLA;22;GALVANI;"{""type"":""Point"",""coordinates"":[11.350329841,44.49067562]}"
481500024020;IL MAGGIOLINO CLUB;NIDO D'INFANZIA;PRIVATA CONVENZIONATA;IL MAGGIOLINO CLUB;Navile;VIA CAMILLO PROCACCINI;24;BOLOGNINA;"{""type"":""Point"",""coordinates"":[11.342319286,44.513223686]}"
481500026020;BOLDRINI;SCUOLA SECONDARIA DI SECONDO GRADO;PRIVATA PARITARIA;"";Navile;VIA CAMILLO PROCACCINI;26;BOLOGNINA;"{""type"":""Point"",""coordinates"":[11.342361577,44.513494065]}"
486000032000;VILLA TERESA;NIDO D'INFANZIA;COMUNALE;COMUNE DI BOLOGNA;Santo Stefano;VIA VITTORIO PUTTI;32;OSSERVANZA - PADERNO;"{""type"":""Point"",""coordinates"":[11.345707836,44.480307377]}"
497500023030;BALU';SCUOLA DELL'INFANZIA;INDIRETTA;ANCORA SERVIZI;San Donato - San Vitale;VIALE DELLA REPUBBLICA;23;SAN DONATO VECCHIO;"{""type"":""Point"",""coordinates"":[11.361569459,44.506717888]}"
500000005050;LAURA BASSI (SEDE DISTACCATA) - LICEO MUSICALE LUCIO DALLA;SCUOLA SECONDARIA DI SECONDO GRADO;STATALE;"";Porto - Saragozza;VIA DEL RICCIO;5;MALPIGHI;"{""type"":""Point"",""coordinates"":[11.336888531,44.491154321]}"
504500006000;SANTA RITA;SCUOLA DELL'INFANZIA;PRIVATA CONVENZIONATA;SANTA RITA;San Donato - San Vitale;VIA S.RITA;6;CIRENAICA - MASSARENTI - SCANDELLARA;"{""type"":""Point"",""coordinates"":[11.384379183,44.495004668]}"
507800023000;GIOVANNINO;NIDO D'INFANZIA;PRIVATA CONVENZIONATA;GIOVANNINO;Savena;VIALE ROMA;23;PONTEVECCHIO - MAZZINI;"{""type"":""Point"",""coordinates"":[11.391944834,44.468548869]}"
514200012020;ROSELLE;NIDO D'INFANZIA;COMUNALE;COMUNE DI BOLOGNA;Savena;VIA ROSELLE;12;FOSSOLO - DUE MADONNE;"{""type"":""Point"",""coordinates"":[11.382187196,44.486139188]}"
52450000800A;CECCARELLI;SCUOLA DELL'INFANZIA;COMUNALE;COMUNE DI BOLOGNA;Navile;VIA DI SALICETO;8;BOLOGNINA;"{""type"":""Point"",""coordinates"":[11.348648934,44.512924932]}"
524500072000;SALICETO (SUCCURSALE CASARALTA);SCUOLA PRIMARIA;STATALE;ISTITUTO COMPRENSIVO N. 15;Navile;VIA DI SALICETO;72;CORTICELLA - DOZZA;"{""type"":""Point"",""coordinates"":[11.352049645,44.523045604]}"
524500074000;ZAPPA;SCUOLA SECONDARIA DI PRIMO GRADO;STATALE;ISTITUTO COMPRENSIVO N. 15;Navile;VIA DI SALICETO;74;CORTICELLA - DOZZA;"{""type"":""Point"",""coordinates"":[11.35226135,44.52352809]}"
528500002000;ALDO MORO;SCUOLA PRIMARIA;STATALE;ISTITUTO COMPRENSIVO N. 14;Borgo Panigale - Reno;VIA SANTORRE DI SANTAROSA;2;BIRRA - BARGELLINO - LAVINO;"{""type"":""Point"",""coordinates"":[11.292946348,44.52018112]}"
529500004000;SUORE CARMELITANE DELLE GRAZIE;SCUOLA DELL'INFANZIA;PRIVATA NON PARITARIA;SUORE CARMELITANE DELLE GRAZIE;Porto - Saragozza;VIA SARAGOZZA;4;MALPIGHI;"{""type"":""Point"",""coordinates"":[11.337153764,44.490307617]}"
529500009000;CRESCENZI PACINOTTI;SCUOLA SECONDARIA DI SECONDO GRADO;STATALE;"";Porto - Saragozza;VIA SARAGOZZA;9;MALPIGHI;"{""type"":""Point"",""coordinates"":[11.336597967,44.490400927]}"
532000018000;MINGHETTI (SEDE CENTRALE);SCUOLA SECONDARIA DI SECONDO GRADO;STATALE;"";Porto - Saragozza;VIA NAZARIO SAURO;18;MALPIGHI;"{""type"":""Point"",""coordinates"":[11.339301245,44.496913201]}"
533000037000;SACRO CUORE;SCUOLA DELL'INFANZIA;PRIVATA CONVENZIONATA;SACRO CUORE;Navile;VIA S.SAVINO;37;CORTICELLA - DOZZA;"{""type"":""Point"",""coordinates"":[11.352700392,44.548230489]}"
535000016000;CALICANTO;SCUOLA DELL'INFANZIA;PRIVATA PARITARIA;PROGETTARE ZEROSEI;Porto - Saragozza;VIA DELLO SCALO;16;SAFFI;"{""type"":""Point"",""coordinates"":[11.327512894,44.502322141]}"
535000017020;ANDERSEN;SCUOLA DELL'INFANZIA;COMUNALE;COMUNE DI BOLOGNA;Porto - Saragozza;VIA DELLO SCALO;17;SAFFI;"{""type"":""Point"",""coordinates"":[11.327598501,44.50095312]}"
535500009040;XVIII APRILE 1945;SCUOLA DELL'INFANZIA;COMUNALE;COMUNE DI BOLOGNA;San Donato - San Vitale;VIA SCANDELLARA;9;CIRENAICA - MASSARENTI - SCANDELLARA;"{""type"":""Point"",""coordinates"":[11.381654705,44.496049496]}"
535500011100;IL TRENINO;SCUOLA DELL'INFANZIA;INDIRETTA;OPENGROUP;San Donato - San Vitale;VIA SCANDELLARA;11;CIRENAICA - MASSARENTI - SCANDELLARA;"{""type"":""Point"",""coordinates"":[11.383842326,44.496178635]}"
535500054020;SCANDELLARA;SCUOLA PRIMARIA;STATALE;ISTITUTO COMPRENSIVO N. 07;San Donato - San Vitale;VIA SCANDELLARA;54;CIRENAICA - MASSARENTI - SCANDELLARA;"{""type"":""Point"",""coordinates"":[11.384946072,44.497357829]}"
535500054030;JACOPO DELLA QUERCIA;SCUOLA SECONDARIA DI PRIMO GRADO;STATALE;ISTITUTO COMPRENSIVO N. 07;San Donato - San Vitale;VIA SCANDELLARA;54;CIRENAICA - MASSARENTI - SCANDELLARA;"{""type"":""Point"",""coordinates"":[11.384542222,44.497469435]}"
535500054050;SCANDELLARA;SCUOLA DELL'INFANZIA;STATALE;ISTITUTO COMPRENSIVO N. 07;San Donato - San Vitale;VIA SCANDELLARA;54;CIRENAICA - MASSARENTI - SCANDELLARA;"{""type"":""Point"",""coordinates"":[11.384744758,44.497892638]}"
536500001000;SCARLATTI;SCUOLA DELL'INFANZIA;COMUNALE;COMUNE DI BOLOGNA;Savena;VIA DOMENICO SCARLATTI;1;VIA TOSCANA - S. RUFFILLO - MONTE DONATO;"{""type"":""Point"",""coordinates"":[11.372375376,44.467784332]}"
538500010020;MANZONI;SCUOLA SECONDARIA DI SECONDO GRADO;PRIVATA PARITARIA;"";San Donato - San Vitale;VIA SCIPIONE DAL FERRO;10;CIRENAICA - MASSARENTI - SCANDELLARA;"{""type"":""Point"",""coordinates"":[11.368018153,44.494216209]}"
541500031000;DRUSIANI;SCUOLA PRIMARIA;STATALE;ISTITUTO COMPRENSIVO N. 02;Borgo Panigale - Reno;VIA GIOVANNI SEGANTINI;31;SANTA VIOLA;"{""type"":""Point"",""coordinates"":[11.303264004,44.503121047]}"
542500029000;SILVANI;SCUOLA PRIMARIA;STATALE;ISTITUTO COMPRENSIVO N. 03;Navile;VIA DELLA SELVA PESCAROLA;29;BERTALIA - NOCE;"{""type"":""Point"",""coordinates"":[11.324465389,44.524824354]}"
556300001000;ANNA FRANK;SCUOLA DELL'INFANZIA;COMUNALE;COMUNE DI BOLOGNA;San Donato - San Vitale;VIA SPARTACO;1;CIRENAICA - MASSARENTI - SCANDELLARA;"{""type"":""Point"",""coordinates"":[11.377546457,44.491985828]}"
556300001020;ANNA FRANK;NIDO D'INFANZIA;COMUNALE;COMUNE DI BOLOGNA;San Donato - San Vitale;VIA SPARTACO;1;CIRENAICA - MASSARENTI - SCANDELLARA;"{""type"":""Point"",""coordinates"":[11.377269017,44.491633313]}"
556300027000;SPARTACO;NIDO D'INFANZIA;COMUNALE;COMUNE DI BOLOGNA;San Donato - San Vitale;VIA SPARTACO;27;CIRENAICA - MASSARENTI - SCANDELLARA;"{""type"":""Point"",""coordinates"":[11.377202772,44.489669833]}"
557000040000;MAST;NIDO D'INFANZIA;PRIVATA CONVENZIONATA;MAST;Borgo Panigale - Reno;VIA SPERANZA;40;SANTA VIOLA;"{""type"":""Point"",""coordinates"":[11.296432523,44.505430595]}"
559000023000;DOREMÌ;NIDO D'INFANZIA;COMUNALE;COMUNE DI BOLOGNA;Porto - Saragozza;VIA DELLO SPORT;23;SARAGOZZA - SAN LUCA;"{""type"":""Point"",""coordinates"":[11.30784231,44.491975576]}"
559000025000;CANTALAMESSA;SCUOLA DELL'INFANZIA;COMUNALE;COMUNE DI BOLOGNA;Porto - Saragozza;VIA DELLO SPORT;25;SARAGOZZA - SAN LUCA;"{""type"":""Point"",""coordinates"":[11.307842675,44.491886002]}"
563500002000;MINGHETTI (SEDE DISTACCATA);SCUOLA SECONDARIA DI SECONDO GRADO;STATALE;"";Porto - Saragozza;VICOLO STRADELLACCIO;2;MALPIGHI;"{""type"":""Point"",""coordinates"":[11.337361954,44.491302975]}"
573500004000;AQUILONE;NIDO D'INFANZIA;COMUNALE;COMUNE DI BOLOGNA;Porto - Saragozza;VIA DEI TESSITORI;4;MALPIGHI;"{""type"":""Point"",""coordinates"":[11.335978389,44.489643904]}"
577000004000;FUTURA;SCUOLA DELL'INFANZIA;STATALE;ISTITUTO COMPRENSIVO N. 01;Borgo Panigale - Reno;VIA TINTORETTO;4;BARCA;"{""type"":""Point"",""coordinates"":[11.29781232,44.4992054]}"
577000008000;NUOVA SCUOLA INFANZIA GIARDINO POZZATI (IN CORSO DI REALIZZAZIONE);SCUOLA DELL'INFANZIA;COMUNALE;COMUNE DI BOLOGNA;Borgo Panigale - Reno;VIA TINTORETTO;8;BARCA;"{""type"":""Point"",""coordinates"":[11.297182468,44.49839235]}"
580000007000;RIGHI (SEDE DISTACCATA);SCUOLA SECONDARIA DI SECONDO GRADO;STATALE;"";Porto - Saragozza;VIA TOLMINO;7;SAFFI;"{""type"":""Point"",""coordinates"":[11.317949282,44.497459616]}"
580500001000;PRESI;SCUOLA DELL'INFANZIA;COMUNALE;COMUNE DI BOLOGNA;Borgo Panigale - Reno;VIA LEONE TOLSTOI;1;BARCA;"{""type"":""Point"",""coordinates"":[11.288567912,44.496766057]}"
580500003000;GRAMSCI;NIDO D'INFANZIA;COMUNALE;COMUNE DI BOLOGNA;Borgo Panigale - Reno;VIA LEONE TOLSTOI;3;BARCA;"{""type"":""Point"",""coordinates"":[11.288797306,44.49711237]}"
584000036000;PRIMAVERA;NIDO D'INFANZIA;COMUNALE;COMUNE DI BOLOGNA;San Donato - San Vitale;VIA DELLA TORRETTA;36;SAN DONATO VECCHIO;"{""type"":""Point"",""coordinates"":[11.37255265,44.497830072]}"
586000148000;FARLOTTINE - SAN DOMENICO SUCCURSALE;SCUOLA DELL'INFANZIA;PRIVATA CONVENZIONATA;FARLOTTINE - SAN DOMENICO;Savena;VIA TOSCANA;148;VIA TOSCANA - S. RUFFILLO - MONTE DONATO;"{""type"":""Point"",""coordinates"":[11.370067867,44.456496998]}"
595000043000;NONNA ELIDE;NIDO D'INFANZIA;PRIVATA CONVENZIONATA;NONNA ELIDE;Porto - Saragozza;VIA FILIPPO TURATI;43;SARAGOZZA - SAN LUCA;"{""type"":""Point"",""coordinates"":[11.322283064,44.492774049]}"
595000084000;BOMBICCI;SCUOLA PRIMARIA;STATALE;ISTITUTO COMPRENSIVO N. 08;Porto - Saragozza;VIA FILIPPO TURATI;84;SARAGOZZA - SAN LUCA;"{""type"":""Point"",""coordinates"":[11.321840143,44.491299207]}"
602800002000;DON MINZONI;SCUOLA PRIMARIA;STATALE;ISTITUTO COMPRENSIVO N. 11;San Donato - San Vitale;VIA VALPARAISO;2;SAN DONATO VECCHIO;"{""type"":""Point"",""coordinates"":[11.379467274,44.507598454]}"
604500056000;ARCANGELI (SEDE DISTACCATA);SCUOLA SECONDARIA DI SECONDO GRADO;STATALE;"";Santo Stefano;VIA LODOVICO VARTHEMA;56;MURRI;"{""type"":""Point"",""coordinates"":[11.364056232,44.474845133]}"
608000024000;XXI APRILE;SCUOLA PRIMARIA;STATALE;ISTITUTO COMPRENSIVO N. 08;Porto - Saragozza;VIA XXI APRILE 1945;24;SARAGOZZA - SAN LUCA;"{""type"":""Point"",""coordinates"":[11.315016978,44.491869455]}"
612300019000;PANZINI;SCUOLA SECONDARIA DI PRIMO GRADO;STATALE;ISTITUTO COMPRENSIVO N. 04;Navile;VIA GIULIO VERNE;19;CORTICELLA - DOZZA;"{""type"":""Point"",""coordinates"":[11.361364964,44.545423961]}"
612300021000;ECKHARDT E KAY MADER;SCUOLA PRIMARIA;STATALE;ISTITUTO COMPRENSIVO N. 04;Navile;VIA GIULIO VERNE;21;CORTICELLA - DOZZA;"{""type"":""Point"",""coordinates"":[11.361927934,44.545657524]}"
613500002010;L'ARCOBALENO DEI PULCINI;NIDO D'INFANZIA;PRIVATA CONVENZIONATA;L'ARCOBALENO DEI PULCINI;San Donato - San Vitale;VIA LUIGI VESTRI;2;SAN DONATO VECCHIO;"{""type"":""Point"",""coordinates"":[11.357200432,44.506253525]}"
613500006000;VESTRI;NIDO D'INFANZIA;COMUNALE;COMUNE DI BOLOGNA;San Donato - San Vitale;VIA LUIGI VESTRI;6;SAN DONATO VECCHIO;"{""type"":""Point"",""coordinates"":[11.356538277,44.505593471]}"
615500019000;CPIA 2;SCUOLA SECONDARIA DI SECONDO GRADO;STATALE;"";Porto - Saragozza;VIALE GIOVANNI VICINI;19;MALPIGHI;"{""type"":""Point"",""coordinates"":[11.327565289,44.498011997]}"
615500021000;ALDROVANDI RUBBIANI (SEDE DISTACCATA);SCUOLA SECONDARIA DI SECONDO GRADO;STATALE;"";Porto - Saragozza;VIALE GIOVANNI VICINI;21;MALPIGHI;"{""type"":""Point"",""coordinates"":[11.327417991,44.498450815]}"
617000016000;FILONIDO;NIDO D'INFANZIA;INTERAZIENDALE;COMUNE DI BOLOGNA;San Donato - San Vitale;VIA DELLA VILLA;16;SAN DONATO VECCHIO;"{""type"":""Point"",""coordinates"":[11.367444328,44.506053632]}"
619000036000;SACRA FAMIGLIA;SCUOLA DELL'INFANZIA;PRIVATA CONVENZIONATA;SACRA FAMIGLIA;San Donato - San Vitale;VIA SANTE VINCENZI;36;CIRENAICA - MASSARENTI - SCANDELLARA;"{""type"":""Point"",""coordinates"":[11.367179434,44.497028951]}"
619000036040;IL PELLICANO;SCUOLA PRIMARIA;PRIVATA PARITARIA;IL PELLICANO;San Donato - San Vitale;VIA SANTE VINCENZI;36;CIRENAICA - MASSARENTI - SCANDELLARA;"{""type"":""Point"",""coordinates"":[11.367345431,44.497410261]}"
619000043000;IRNERIO SUCCURSALE;SCUOLA SECONDARIA DI PRIMO GRADO;STATALE;ISTITUTO COMPRENSIVO N. 06;San Donato - San Vitale;VIA SANTE VINCENZI;43;CIRENAICA - MASSARENTI - SCANDELLARA;"{""type"":""Point"",""coordinates"":[11.366330738,44.496045487]}"
624000056000;DON BOSCO;SCUOLA PRIMARIA;STATALE;ISTITUTO COMPRENSIVO N. 16;San Donato - San Vitale;VIA POMPEO VIZZANI;56;CIRENAICA - MASSARENTI - SCANDELLARA;"{""type"":""Point"",""coordinates"":[11.370743114,44.490688388]}"
624000058020;DON BOSCO;SCUOLA DELL'INFANZIA;STATALE;ISTITUTO COMPRENSIVO N. 16;San Donato - San Vitale;VIA POMPEO VIZZANI;58;CIRENAICA - MASSARENTI - SCANDELLARA;"{""type"":""Point"",""coordinates"":[11.371318512,44.49034154]}"
626900009000;ZACCHERINI ALVISI;NIDO D'INFANZIA;COMUNALE;COMUNE DI BOLOGNA;San Donato - San Vitale;VIA GIOVANNA ZACCHERINI ALVISI;9;CIRENAICA - MASSARENTI - SCANDELLARA;"{""type"":""Point"",""coordinates"":[11.360741934,44.49434722]}"
627300001000;TOBAGI;SCUOLA DELL'INFANZIA;COMUNALE;COMUNE DI BOLOGNA;San Donato - San Vitale;VIALE ZAGABRIA;1;SAN DONATO VECCHIO;"{""type"":""Point"",""coordinates"":[11.377545838,44.507414272]}"
628500015000;ZAMBONI;SCUOLA DELL'INFANZIA;COMUNALE;COMUNE DI BOLOGNA;Santo Stefano;VIA ZAMBONI;15;IRNERIO;"{""type"":""Point"",""coordinates"":[11.350073662,44.495979429]}"
631000028050;POSTE BIMBI;NIDO D'INFANZIA;PRIVATA CONVENZIONATA;POSTE BIMBI;Navile;VIA FRANCESCO ZANARDI;28;BEVERARA;"{""type"":""Point"",""coordinates"":[11.326259718,44.510142129]}"
